Joint1 Current,Joint2 Current,Joint3 Current,Joint4 Current,Joint5 Current,Joint6 Current,Theory Torque Joint1,Theory Torque Joint2,Theory Torque Joint3,Theory Torque Joint4,Theory Torque Joint5,Theory Torque Joint6
0.18436966836452484,-5.609495162963867,-2.268605947494507,0.10848887264728546,-0.004352586343884468,0.050791628658771515,1.0680564491163717e-20,-61.63032976681952,-20.313062266819518,-1.8710249943195187,0.5608667840479002,0.0
0.1157333180308342,-6.742807388305664,-2.2785117626190186,0.07396647334098816,-0.028663646429777145,0.0553458072245121,-2.6578019320975444e-17,-61.62725007827878,-20.312048424438302,-1.87093324611777,0.5608392811983854,0.0
0.19439557194709778,-6.703089237213135,-2.3061487674713135,0.08780676126480103,-0.013480400666594505,0.028925631195306778,1.7434877584462823e-18,-61.61800771608607,-20.30900339414129,-1.8706544061505153,0.5607556948881155,0.0
0.2105320543050766,-6.806058883666992,-2.28135347366333,0.08756037056446075,-0.00987390149384737,0.035831693559885025,2.6867175576667672e-18,-61.602603604469934,-20.30392748042898,-1.8701885023015192,0.5606160334756516,0.0
0.16352035105228424,-6.723299026489258,-2.2071566581726074,0.09892014414072037,0.010674933902919292,0.044570691883563995,-1.0701515109239249e-16,-61.58103928382866,-20.296821190888508,-1.8695355811607781,0.5604203109270186,0.0
0.16586093604564667,-6.7555084228515625,-2.2212767601013184,0.08535508066415787,-0.017424464225769043,0.0415523424744606,1.1672695961604678e-16,-61.55331691057639,-20.28768523614291,-1.868695708019862,0.5601685468143082,0.0
0.278921514749527,-6.791760444641113,-2.216107130050659,0.07419072091579437,-0.02756868116557598,0.03753898665308952,-1.0324323730378533e-16,-61.5194392569273,-20.276520529780043,-1.867668966865385,0.559860766313722,0.0
0.17179077863693237,-6.7107744216918945,-2.2281136512756348,0.062070637941360474,-0.03389320522546768,0.03361432999372482,1.2125247040916055e-16,-61.479409710618576,-20.263328188261248,-1.8664554603706074,0.5594970002030534,0.0
0.2231220006942749,-7.209383487701416,-2.2361998558044434,0.11553813517093658,-0.016152791678905487,0.03493082895874977,1.305772040904319e-17,-61.43323227457144,-20.24810953080967,-1.865055309885167,0.5590772848586104,0.0
0.27494460344314575,-6.661675453186035,-2.276775360107422,0.09586876630783081,0.020429711788892746,0.06240100413560867,1.6261439793032608e-17,-61.38091156649104,-20.230866079278385,-1.8634686554229456,0.5586016622515779,0.0
0.22629183530807495,-6.823949813842773,-2.238534927368164,0.08547467738389969,0.02973584644496441,0.03281906247138977,-4.2424820412071756e-16,-61.32245281840457,-20.21159955799817,-1.8616956556480675,0.55807017994382,0.0
0.14944647252559662,-6.797384738922119,-2.260204315185547,0.09818634390830994,0.017264578491449356,0.024996165186166763,2.379606026436941e-17,-61.25786187613815,-20.1903118936051,-1.8597364878590321,0.5574828910831247,0.0
0.2187134027481079,-6.6339521408081055,-2.226595163345337,0.10290186107158661,0.010742184706032276,0.05681081488728523,-1.9391839702908208e-16,-61.18714519873214,-20.167005214847865,-1.857591347970986,0.5568398543978885,0.0
0.14645817875862122,-6.91028356552124,-2.2515621185302734,0.11014580726623535,0.007479580119252205,0.04878431186079979,-4.1125819423713426e-16,-61.1103098577954,-20.141681852374933,-1.8552604504961308,0.5561411341912442,0.0
0.08405502885580063,-6.520726680755615,-2.222700357437134,0.10724832117557526,0.03936123102903366,0.030605152249336243,4.819992227885181e-16,-61.02736353679797,-20.114344338501446,-1.852744028522271,0.5553868003346303,0.0
0.2913462519645691,-6.7065839767456055,-2.208707571029663,0.09590967744588852,0.014143255539238453,0.023348834365606308,-1.7868191294799808e-16,-60.938314530302804,-20.084995406956,-1.850042333689507,0.5545769282608036,0.0
0.1596057415008545,-6.735870838165283,-2.205695152282715,0.09612272679805756,-0.009154627099633217,0.03603425621986389,2.712331123903311e-16,-60.84317174313638,-20.053637992607303,-1.8471556361650714,0.5537115989562968,0.0
0.1119384765625,-6.649413108825684,-2.20560884475708,0.10429755598306656,-0.0005116630927659571,0.008164902217686176,2.774314817515907e-16,-60.741944689498126,-20.020275231170658,-1.8440842246163107,0.5527908989533193,0.0
0.1806347519159317,-6.6661295890808105,-2.185544967651367,0.09039205312728882,0.0010803955374285579,0.03426302596926689,2.8400178515407593e-16,-60.63464349200903,-19.984910458894394,-1.8408284061818192,0.5518149203211037,0.0
0.2054973840713501,-6.533115863800049,-2.201672077178955,0.09832589328289032,-0.00197388743981719,0.03016136959195137,2.9094336557291983e-16,-60.521278880699434,-19.94754721222628,-1.8373885064407285,0.5507837606567004,0.0
0.20909443497657776,-6.666757106781006,-2.1763832569122314,0.13118094205856323,0.0004197664384264499,0.029542870819568634,2.982555288558656e-16,-60.401862191936004,-19.908189227459847,-1.8337648693801458,0.5496975230752164,0.0
0.2607422471046448,-6.728301048278809,-2.1277222633361816,0.09684716165065765,-0.017875339835882187,0.04183271527290344,-1.381516660573842e-16,-60.27640536728809,-19.866840440360768,-1.8299578573607573,0.5485563161995045,0.0
0.17738309502601624,-6.53468132019043,-2.185997724533081,0.1364140659570694,-0.0075937844812870026,0.021060487255454063,-1.3010056766179752e-16,-60.144920952333635,-19.823504985773305,-1.8259678510805926,0.5473602541493015,0.0
0.131928488612175,-6.9187822341918945,-2.0830790996551514,0.1223372220993042,0.009649020619690418,0.03883029520511627,-1.0098596106106898e-15,-60.00742209540452,-19.778187197206783,-1.8217952495369543,0.5461094565298155,0.0
0.1279294490814209,-6.630483627319336,-2.1447715759277344,0.12114934623241425,-0.026766175404191017,0.020374955609440804,-1.1289437773434666e-16,-59.863922546271894,-19.73089160640232,-1.8174404699865203,0.5448040484197664,0.0
0.2252066433429718,-6.651915550231934,-2.1073074340820312,0.12911011278629303,-0.04453521594405174,0.03708924725651741,3.403482030429233e-16,-59.71443665477109,-19.68162294287957,-1.8129039479036166,0.543444160358877,0.0
0.11617685854434967,-6.648144245147705,-2.1189026832580566,0.13042479753494263,-0.024337172508239746,0.023135654628276825,3.4986721639165714e-16,-59.55897936936666,-19.630386133463823,-1.8081861369366699,0.5420299283348202,0.0
0.12335474789142609,-6.524242401123047,-2.140406608581543,0.14889127016067505,-0.0016175316413864493,0.029009293764829636,-8.433828958154836e-17,-59.39756623565761,-19.577186301793333,-1.8032875088628468,0.5405614937696203,0.0
0.17857149243354797,-6.551275253295898,-2.0100162029266357,0.13397276401519775,-0.005433069542050362,0.02334204874932766,-7.409088353872059e-17,-59.2302133948228,-19.522028767806933,-1.7982085535408723,0.5390390035055098,0.0
0.19337370991706848,-6.532443523406982,-2.0776731967926025,0.13810020685195923,-0.03644245117902756,0.027232255786657333,-9.516592197621114e-16,-59.05693758200687,-19.464919047212057,-1.7929497788620454,0.5374626097902463,0.0
0.1977805495262146,-6.321351528167725,-2.030508279800415,0.16528292000293732,-0.032381732016801834,0.019325576722621918,-5.250910015084983e-17,-58.87775612464667,-19.405862850933172,-1.7875117106994522,0.5358324702618878,0.0
0.2259630262851715,-6.776821613311768,-2.0475921630859375,0.15098759531974792,-0.045385412871837616,0.016261959448456764,-4.1176880966161516e-17,-58.69268694073865,-19.34486608454069,-1.7818948928553775,0.5341487479330288,0.0
0.23453053832054138,-6.368941783905029,-2.061758041381836,0.17576855421066284,-0.0679442510008812,0.016985494643449783,-9.176636954205206e-16,-58.501748537046964,-19.281934847660416,-1.776099887006924,0.5324116111744989,0.0
0.13485446572303772,-6.466832160949707,-2.0268919467926025,0.17315071821212769,-0.025928596034646034,0.0369865819811821,-1.7937922929645826e-15,-58.30496000725286,-19.217075433363608,-1.7701272726498485,0.5306212336985263,0.0
0.15558989346027374,-6.393167495727539,-1.9977309703826904,0.18020620942115784,-0.03506467863917351,0.016434796154499054,8.831498002299776e-16,-58.10234103004535,-19.150294327537644,-1.7639776470406099,0.5287777945413671,0.0
0.16435423493385315,-6.371770858764648,-2.0334455966949463,0.18821078538894653,-0.015810536220669746,0.018530908972024918,7.733985889088742e-18,-57.89391186715329,-19.081598208237445,-1.757651625136643,0.5268814780454001,0.0
0.13736148178577423,-6.772117614746094,-1.954404592514038,0.20239552855491638,-0.040987778455019,0.01540162693709135,9.090295059636025e-16,-57.679693361319266,-19.010993945017702,-1.7511498395348672,0.5249324738406951,0.0
0.23903018236160278,-6.26735782623291,-1.9634709358215332,0.2158036231994629,-0.032187432050704956,0.006004747003316879,3.4321369953908714e-17,-57.45970693421538,-18.938488598245904,-1.744472940408425,0.5229309768260484,0.0
0.16404429078102112,-6.597265720367432,-1.9543776512145996,0.2320730984210968,-0.022875303402543068,0.026672832667827606,-8.400349297568824e-16,-57.23397458430098,-18.864089418396297,-1.7376215954416638,0.5208771871494933,0.0
0.14746496081352234,-6.417802810668945,-1.9022986888885498,0.24984154105186462,-0.05123516172170639,0.009847350418567657,6.231606403099611e-17,-57.00251888462299,-18.787803845324873,-1.7305964897633723,0.5187713101882863,0.0
0.20949843525886536,-6.223618030548096,-1.9400829076766968,0.2446676790714264,-0.01886759325861931,0.014923876151442528,7.683767497157133e-17,-56.76536298055847,-18.70963950752537,-1.723398325878263,0.5166135565283683,0.0
0.21628941595554352,-6.257817268371582,-1.9081364870071411,0.2708359956741333,-0.04226025566458702,0.0032040858641266823,-7.964715490841489e-16,-56.522530587500206,-18.629604221366428,-1.716027823596727,0.5144041419433074,0.0
0.19040539860725403,-6.173360824584961,-1.8978431224822998,0.2957204580307007,-0.046907007694244385,0.028295665979385376,-1.6694346753432128e-15,-56.27404598848513,-18.547705990309964,-1.7084857199628487,0.5121432873727207,0.0
0.20132200419902802,-6.064731597900391,-1.8690731525421143,0.32357263565063477,-0.06754788756370544,0.018884191289544106,1.2248203377808838e-16,-56.01993403176611,-18.46395300411085,-1.7007727691807084,0.5098312189001816,0.0
0.22997590899467468,-6.234488487243652,-1.8204143047332764,0.3322001099586487,-0.041043780744075775,0.007704371586441994,1.383849238051258e-16,-55.76022012832702,-18.37835363799789,-1.6928897425389553,0.5074681677306102,0.0
0.10295651853084564,-6.075188636779785,-1.8393771648406982,0.35804489254951477,-0.09839363396167755,0.03905847296118736,-7.335491758377269e-16,-55.49493024934179,-18.290916451836374,-1.684837428333685,0.5050543701671547,0.0
0.1350223869085312,-6.15794563293457,-1.821903944015503,0.36961454153060913,-0.07563212513923645,0.00457599526271224,-1.6051434698688152e-15,-55.22409092357728,-18.201650189272062,-1.6766166317896087,0.5025900675875596,0.0
0.23580917716026306,-6.023886680603027,-1.7981795072555542,0.37894803285598755,-0.0758807361125946,0.01992603950202465,-7.000427772866326e-16,-54.94772923474031,-18.110563776856807,-1.6682281749795287,0.5000755064200294,0.0
0.10656434297561646,-5.972294807434082,-1.7988591194152832,0.3786882758140564,-0.06515082716941833,0.02248278446495533,2.0539437029538342e-16,-54.665872818769486,-18.017666323155954,-1.6596728967421364,0.49751093811858543,0.0
0.13425487279891968,-6.018250465393066,-1.7392516136169434,0.3819299340248108,-0.07067488878965378,0.007271451409906149,-6.651905923814235e-16,-54.37854986107152,-17.922967117837455,-1.6509516525981258,0.4948966191379206,0.0
0.1753859519958496,-5.959465980529785,-1.7609858512878418,0.39778000116348267,-0.06820987164974213,0.023700688034296036,-1.5354425852478458e-15,-54.08578909370277,-17.826475630742937,-1.6420653146646442,0.4922328109077546,0.0
0.09427881985902786,-6.112383842468262,-1.7186989784240723,0.41159865260124207,-0.052534542977809906,0.027917739003896713,-6.29006561531376e-16,-53.78761979249599,-17.728201510940686,-1.633014771568079,0.48951977980669037,0.0
0.07417167723178864,-5.787282943725586,-1.6764297485351562,0.4380677342414856,-0.08000265806913376,0.018187273293733597,2.777588136225485e-16,-53.484071774132815,-17.62815458576079,-1.623800928355198,0.4867577971355772,0.0
0.039308205246925354,-6.008332252502441,-1.7242894172668457,0.45921677350997925,-0.11078308522701263,0.021700970828533173,2.966732618337442e-16,-53.17517539316216,-17.526344859812404,-1.6144247064026453,0.48394713909038084,0.0
0.06158554553985596,-5.8366169929504395,-1.6403343677520752,0.45827656984329224,-0.07105542719364166,0.019018590450286865,-5.722651083268452e-16,-52.86096153896466,-17.42278251398327,-1.6048870433248008,0.48108808673456316,0.0
0.10255828499794006,-5.759065628051758,-1.6465851068496704,0.46939438581466675,-0.08245842903852463,0.025507047772407532,-5.527013814478913e-16,-52.541461632663925,-17.31747790442168,-1.5951888928800253,0.4781809259709774,0.0
0.23615562915802002,-5.98344612121582,-1.6078457832336426,0.4742845892906189,-0.061662957072257996,0.012336501851677895,-5.328159335859051e-16,-52.21670762398434,-17.21044156150083,-1.5853312248752822,0.4752259475132775,0.0
0.065758116543293,-5.698319435119629,-1.5058295726776123,0.4530247449874878,-0.05969064682722092,0.0021873260848224163,-5.126107532691001e-16,-51.88673198805613,-17.101684188765816,-1.575315025069156,0.4722234468568466,0.0
0.1068863719701767,-5.75618839263916,-1.613755464553833,0.508120059967041,-0.09037389606237411,0.03038427233695984,-1.3802662806987968e-15,-51.55156772216791,-16.99121666186328,-1.5651412950732813,0.4691737242492481,0.0
0.1991235613822937,-5.8539137840271,-1.5563240051269531,0.49549004435539246,-0.079715296626091,0.010565481148660183,1.3051075303535068e-15,-51.21124834246698,-16.879050027453857,-1.5548110522521787,0.4660770846602015,0.0
0.1445228010416031,-5.639098644256592,-1.527307152748108,0.49080345034599304,-0.07844103872776031,0.017101459205150604,4.380812384489807e-16,-50.865807880607676,-16.765195502107517,-1.544325329621523,0.4629338377510851,0.0
0.0868491381406784,-5.690485954284668,-1.5102816820144653,0.5126823782920837,-0.09697391837835312,0.00511098513379693,2.2359016662933446e-15,-50.515280880348385,-16.64966447118192,-1.5336851757448384,0.45974429784397064,0.0
0.14717742800712585,-5.617501735687256,-1.4804277420043945,0.5010339021682739,-0.07930862903594971,0.013773897662758827,4.813177296447686e-16,-50.15970239409694,-16.53246848768387,-1.5228916546286457,0.45650878389019056,0.0
0.08702903985977173,-5.541567325592041,-1.4840166568756104,0.08156834542751312,-0.08647358417510986,0.03857521712779999,5.033977694318689e-16,-49.799107979405726,-16.413619271114072,-1.511945845616063,0.45322761943844436,0.0
0.045262474566698074,-5.679214000701904,-1.4233355522155762,0.05217745527625084,-0.09774481505155563,0.01222288142889738,-1.2505741011314314e-15,-49.433533695415676,-16.29312870629513,-1.500848843278869,0.44990113260244263,0.0
0.09597503393888474,-5.356618881225586,-1.3879759311676025,0.054941944777965546,-0.0767168253660202,0.014288762584328651,-1.2278864417228633e-15,-49.063016099250575,-16.17100884218312,-1.4896017573080507,0.4465296560280972,0.0
0.0708666741847992,-5.4697370529174805,-1.3857142925262451,0.09669023007154465,-0.0869850441813469,0.02709856629371643,-3.1671994078958484e-16,-48.68759224236125,-16.04727189066269,-1.4782057124028316,0.44311352686025557,0.0
0.028321698307991028,-5.557102680206299,-1.3835049867630005,0.0821814239025116,-0.10825091600418091,0.019537627696990967,5.94744683179312e-16,-48.30729966682054,-15.92193022532587,-1.4666618481582063,0.439653086708988,0.0
0.025973791256546974,-5.298807144165039,-1.328676462173462,0.09022551774978638,-0.11239222437143326,-0.0014423197135329247,1.5065051015828038e-15,-47.92217640156911,-15.794996380234753,-1.4549713189509796,0.4361486816154259,0.0
0.12885549664497375,-5.319306373596191,-1.2302887439727783,0.09145089983940125,-0.11880875378847122,0.007912605069577694,2.418558956240675e-15,-47.532260958612525,-15.666483048668063,-1.4431352938243298,0.43260066201715824,0.0
0.0961732566356659,-5.206977844238281,-1.2832131385803223,0.10378201305866241,-0.12344738841056824,0.005141436122357845,6.663686005289467e-16,-47.137592329170175,-15.53640308185187,-1.4311549563709065,0.4290093827131883,0.0
0.11015324294567108,-5.248689651489258,-1.2832276821136475,0.12576621770858765,-0.11168815195560455,0.0040867505595088005,6.908237163200169e-16,-46.7382099797761,-15.404769487674447,-1.4190315046144713,0.4253752028284536,0.0
0.10106522589921951,-5.195735931396484,-1.2703313827514648,0.1092369556427002,-0.12227441370487213,0.020710639655590057,7.155650187224343e-16,-46.334153848332434,-15.271595429385524,-1.4067661508900968,0.4216984857779143,0.0
0.05725325644016266,-5.124347686767578,-1.0688376426696777,0.14431098103523254,-0.1220645010471344,0.010375149548053741,7.4059003362657745e-16,-45.92546434011559,-15.136894224279947,-1.3943601217229344,0.41797959923021133,0.0
0.013373793102800846,-5.452419281005859,-1.2284462451934814,0.1269434690475464,-0.12900425493717194,0.021956659853458405,-1.010460580848441e-15,-45.51218232373583,-15.00067934236598,-1.3818146577055626,0.4142189150709006,0.0
0.10835182666778564,-4.8986406326293945,-1.1405245065689087,0.16344881057739258,-0.1332884430885315,0.02524205856025219,-9.669725680339862e-17,-45.09434912705038,-14.8629644050183,-1.3691310133739285,0.410416809365264,0.0
0.09442028403282166,-5.085844039916992,-1.1374571323394775,0.1595515012741089,-0.10400918126106262,0.01466631330549717,-7.083623150791164e-17,-44.67200653303074,-14.72376318361588,-1.3563104570818958,0.4065736623207037,0.0
0.015260501764714718,-5.0656585693359375,-1.083098292350769,0.17754951119422913,-0.11036999523639679,0.024404508993029594,8.434767483572936e-16,-44.24519677558433,-14.583089598164864,-1.34335427087441,0.40268985824872167,0.0
0.09234005212783813,-4.885483741760254,-1.048668384552002,0.2113981544971466,-0.13054510951042175,0.017092816531658173,8.698822299577279e-16,-43.81396253533124,-14.44095771590656,-1.3302637503592947,0.3987657855264885,0.0
0.04329222813248634,-5.0634307861328125,-1.0328781604766846,0.2354494333267212,-0.15192674100399017,-0.0013608571607619524,8.377572767236091e-18,-43.37834693533613,-14.297381749910759,-1.3170402045776932,0.3948018365580064,0.0
0.08414018899202347,-4.848773956298828,-0.9206523299217224,0.23683105409145355,-0.12006916850805283,0.025904100388288498,3.53169488320446e-17,-42.938393536796,-14.152376057654415,-1.3036849558731636,0.3907984077348689,0.0
0.06095769256353378,-4.810193061828613,-0.9456232786178589,0.2792057394981384,-0.14472289383411407,0.023443570360541344,9.506976642369986e-16,-42.49414633468405,-14.005955139585904,-1.290199339759447,0.38675589939662214,0.0
0.006548985838890076,-4.887338638305664,-0.9756964445114136,0.2719522714614868,-0.12249808013439178,0.020103804767131805,8.998173967481775e-17,-42.04564975335031,-13.858133637675035,-1.2765847047869174,0.38267471579073137,0.0
0.008496478199958801,-4.6442413330078125,-0.9006091952323914,0.31375613808631897,-0.1398586630821228,0.04118575528264046,1.8940585274195012e-15,-41.592948642079165,-13.708926333948801,-1.262842412407726,0.378555265032156,0.0
0.10777647793292999,-4.790308475494385,-0.9516040086746216,0.3219742178916931,-0.1342635452747345,0.015151060186326504,-7.425021021016881e-16,-41.13608827060449,-13.558348149013241,-1.248973836839659,0.37439795906253903,0.0
0.007833174429833889,-4.565652847290039,-0.9077513813972473,0.33158862590789795,-0.15608569979667664,0.01418389193713665,-2.490632428127643e-15,-40.6751143245827,-13.406414140561363,-1.2349803649287157,0.3702032136090131,0.0
0.030106695368885994,-4.691675662994385,-0.8939452171325684,0.3552865982055664,-0.13730394840240479,0.021233558654785156,1.0905568252144454e-15,-40.210072901024276,-13.253139501867405,-1.2208633960104271,0.365971448142628,0.0
0.0887342244386673,-4.5195183753967285,-0.8872759342193604,0.3601214289665222,-0.12090989202260971,0.01235893089324236,2.8956354527898522e-15,-39.74101050368402,-13.098539560267504,-1.2066243417699198,0.3617030858364037,0.0
0.02559690922498703,-4.4707932472229,-0.9140193462371826,0.36694616079330444,-0.14941680431365967,0.029673641547560692,1.1482437430434427e-15,-39.26797403841081,-12.942629775626994,-1.1922646261007523,0.357398553523014,0.0
0.012057669460773468,-4.63176965713501,-0.7816324830055237,0.40288615226745605,-0.14208146929740906,0.022375592961907387,2.892708979870166e-16,-38.791010808456946,-12.785425738794403,-1.1777856849625254,0.353058281652103,0.0
-0.02255665883421898,-4.337658882141113,-0.885560154914856,0.4036983847618103,-0.14286057651042938,-0.0014976495876908302,3.1871399708744594e-16,-38.31016850974798,-12.626943170042422,-1.1631889662372872,0.3486827042472413,0.0
0.06772888451814651,-4.298220634460449,-0.825576901435852,0.3620747923851013,-0.13909338414669037,-0.0014599710702896118,-5.397867433408924e-16,-37.82549522611307,-12.467197917495856,-1.1484759295847462,0.3442722588625227,0.0
0.015402284450829029,-4.490668296813965,-0.852790355682373,0.4016951620578766,-0.13292989134788513,0.00021243677474558353,3.783009680591802e-16,-37.337039424476686,-12.306205955546837,-1.1336480462963066,0.33982738653881045,0.0
0.006404478568583727,-4.145805358886719,-0.8290985822677612,0.4004260003566742,-0.175116628408432,0.0040991161949932575,4.084388812830422e-16,-36.84484995001196,-12.143983383257401,-1.1187067991479411,0.3353485317596329,0.0
0.042829565703868866,-4.293666362762451,-0.7406700849533081,0.3970603942871094,-0.17452344298362732,0.011608056724071503,4.388024022646125e-16,-36.34897602125617,-11.98054642274959,-1.1036536822519136,0.3308361424067356,0.0
0.05997784808278084,-4.176892280578613,-0.7970288991928101,0.02689705789089203,-0.16640731692314148,0.007110461592674255,-4.1878992502303066e-16,-35.849467225188974,-11.815911417583262,-1.0884902009073687,0.3262906697152934,0.0
-0.06457211077213287,-3.9608988761901855,-0.7335149049758911,0.06765187531709671,-0.18042466044425964,0.012953443452715874,5.001940999367369e-16,-35.3463735122737,-11.650094831121734,-1.0732178714498057,0.32171256822878774,0.0
0.026688776910305023,-4.083962440490723,-0.7352520227432251,0.05551924929022789,-0.18725790083408356,0.020637499168515205,-1.2451407018915668e-15,-34.83974519146242,-11.483113244885473,-1.0578382210994426,0.31710229575355203,0.0
-0.022076506167650223,-3.818406343460083,-0.6956698894500732,0.07801797240972519,-0.19728684425354004,-0.008069895207881927,5.624515052150297e-16,-34.329632925165015,-11.314983356893954,-1.0423527878084986,0.3124603133129921,0.0
-0.07126826047897339,-3.9574246406555176,-0.5913047194480896,0.08995756506919861,-0.1729479432106018,0.010557068511843681,5.938970795450337e-16,-33.81608772418302,-11.145721979995864,-1.0267631201073981,0.3077870851014835,0.0
0.08790406584739685,-3.7454757690429688,-0.5453890562057495,0.11418775469064713,-0.1629248410463333,0.0021295982878655195,6.255497159674666e-16,-33.2991609426086,-10.97534604018785,-1.01107077694992,0.30308307843795323,0.0
-0.09632202237844467,-3.7562355995178223,-0.5621512532234192,0.12487287819385529,-0.16950443387031555,0.016595972701907158,-2.307721704550611e-16,-32.77890427268912,-10.803872574921904,-0.9952773275573032,0.2983487637191475,0.0
-0.005514687858521938,-3.8834891319274902,-0.3667200803756714,0.12868905067443848,-0.16310197114944458,0.012793123722076416,6.894634937510456e-16,-32.25536973965803,-10.631318731401665,-0.9793843512613255,0.2935846143725929,0.0
-0.029283802956342697,-3.5108485221862793,-0.44608598947525024,0.14969605207443237,-0.17891526222229004,0.022479860112071037,-1.9428170153127013e-15,-31.72860969653236,-10.45770176486769,-0.9633934373463728,0.28879110680925424,0.0
-0.020488418638706207,-3.773606777191162,-0.2971738874912262,0.15744729340076447,-0.18521130084991455,-0.00929705984890461,2.530524113307075e-15,-31.198676818877473,-10.283039036871951,-0.9473061848905108,0.2839687203758931,0.0
-0.05321141332387924,-3.5576658248901367,-0.1913042962551117,0.17406664788722992,-0.16672831773757935,0.0003502822946757078,7.868073392325274e-16,-30.665624099539485,-10.10734801354169,-0.9311242026055784,0.279117937307134,0.0
0.03246999531984329,-3.466489315032959,-0.08374515175819397,0.1779712736606598,-0.19352298974990845,0.026581108570098877,8.196351757854484e-16,-30.129504843346155,-9.930646263832841,-0.9148491086763199,0.2742392426772418,0.0
-0.0846051275730133,-3.710667133331299,0.011496078222990036,0.16100183129310608,-0.2018691897392273,0.010073719546198845,-9.23709338590961e-16,-29.59037266177633,-9.752951457773118,-0.8984825305985654,0.2693331243516139,0.0
-0.03647967800498009,-3.314436197280884,-0.032442059367895126,0.18346410989761353,-0.18228138983249664,-0.005708939861506224,1.7740194327991835e-15,-29.048281467598883,-9.57428136469505,-0.8820261050164843,0.2644000729379943,0.0
0.019719449803233147,-3.310199499130249,0.16091574728488922,0.20393940806388855,-0.21735364198684692,0.001450320240110159,3.1033973631061575e-17,-28.503285469481497,-9.394653851459054,-0.8654814775589206,0.2594405817374135,0.0
-0.056425318121910095,-3.280402660369873,0.198158860206604,0.18975582718849182,-0.20363789796829224,0.011398008093237877,9.527583043954614e-16,-27.955439166569825,-9.214086880666766,-0.8488503026748332,0.25445514669485875,0.0
-0.06617827713489532,-3.1793997287750244,-1.588584065437317,0.19610360264778137,-0.22022593021392822,-0.0014517363160848618,9.829697202860531e-17,-27.404797343037615,-9.03259850886479,-0.8321342434678511,0.24944426634967976,0.0
-0.1038038432598114,-3.270641803741455,-1.4491040706634521,0.2088642716407776,-0.21858087182044983,0.006270210258662701,1.020360283650358e-15,-26.85141506260836,-8.85020688473907,-0.8153349715299654,0.2444084417857354,0.0
-0.07547195255756378,-2.950730800628662,-1.4078679084777832,0.21634787321090698,-0.22379864752292633,0.006122991908341646,-7.219472477008609e-16,-26.295347663048943,-8.66693024730002,-0.79845416677437,0.2393481765812854,0.0
-0.0828716903924942,-3.0780200958251953,-1.3876696825027466,0.2366809993982315,-0.2510167956352234,0.01924799010157585,1.088619910973394e-15,-25.736650750635945,-8.48278692405866,-0.7814935172674734,0.23426397675863342,0.0
-0.08567370474338531,-2.9716525077819824,-1.2860519886016846,0.25972437858581543,-0.2539554536342621,0.01766110584139824,1.1229878204689529e-15,-25.175380194595014,-8.297795329193859,-0.7644547190600925,0.229156350733525,0.0
-0.07010240852832794,-2.9074034690856934,-1.1783263683319092,0.23025013506412506,-0.24096429347991943,-0.0015993040287867188,-6.188469559764952e-16,-24.611592121514057,-8.11197396171095,-0.7473394760178494,0.22402580926430626,0.0
0.004369898699223995,-3.0512402057647705,-1.1247072219848633,0.26818034052848816,-0.23368799686431885,-0.0006007268093526363,3.040042279601509e-16,-24.045342909730525,-7.925341403591822,-0.7301494996507853,0.21887286540084858,0.0
-0.11888743937015533,-2.615461826324463,-1.0847253799438477,0.26300543546676636,-0.260374516248703,0.019227556884288788,3.3882422623085896e-16,-23.47668918369374,-7.737916317936764,-0.712886508942212,0.21369803443324423,0.0
-0.03322971984744072,-2.7508177757263184,-1.0167016983032227,0.25690746307373047,-0.25065848231315613,0.00395024660974741,3.737879765649443e-16,-22.905687808302428,-7.549717447098153,-0.6955522301768143,0.20850183384027762,0.0
-0.11571533977985382,-2.8477699756622314,-0.9493608474731445,0.2567562162876129,-0.23334632813930511,0.04611743986606598,1.2970704023166355e-15,-22.332395883218286,-7.3607636108062415,-0.6781483967680237,0.20328478323767793,0.0
-0.07264336943626404,-2.5674076080322266,-0.985576868057251,0.289196252822876,-0.25169533491134644,0.018532700836658478,4.441327340142038e-16,-21.7568707371561,-7.171073704287201,-0.6606767490846784,0.198047404326158,0.0
0.03153100237250328,-2.720355272293091,-0.9155462980270386,0.2843279242515564,-0.2444208860397339,0.011689918115735054,4.795067067122533e-16,-21.17916992215086,-6.980666696373605,-0.6431390342769866,0.1927902208392443,0.0
-0.12274304032325745,-2.532989025115967,-0.8584057092666626,0.30191439390182495,-0.23818551003932953,0.008329345844686031,5.150103633428659e-16,-20.59935120780266,-6.7895616276075765,-0.6255370061018146,0.1875137584909047,0.0
-0.10043168067932129,-2.4905989170074463,-0.7897650003433228,0.3194262683391571,-0.24149870872497559,-0.004468636587262154,-3.375382661301587e-16,-20.01747257549974,-6.5977776083367345,-0.6078724247473114,0.18221854492297693,0.0
-0.07996974885463715,-2.4016945362091064,-0.681925892829895,0.31951966881752014,-0.24805468320846558,0.011061661876738071,1.4745709341443475e-15,-19.43359221262045,-6.405333816803191,-0.5901470566568923,0.17690510965240516,0.0
-0.12724290788173676,-2.263611078262329,-0.7131534218788147,0.33225518465042114,-0.2757566273212433,0.0044814771972596645,1.5104422904594655e-15,-18.847768506714498,-6.212249497225725,-0.572362674352595,0.17157398401828863,0.0
-0.06679623574018478,-2.417135238647461,-0.6250933408737183,0.3299802541732788,-0.2641679346561432,-0.0018154282588511705,-2.2992778429054344e-16,-18.260060039664296,-6.018543957875394,-0.5545210562578298,0.16622570112874802,0.0
-0.031134361401200294,-2.015583038330078,-0.5927601456642151,0.348487913608551,-0.2553742825984955,0.019524816423654556,1.1384384195985324e-15,-17.670525581826798,-5.824236569144714,-0.5366239865195382,0.16086079580761556,0.0
-0.060244910418987274,-2.1316964626312256,-0.5514233112335205,0.3674202561378479,-0.27333366870880127,0.011464634910225868,-6.017116456015338e-16,-17.079224086156493,-5.62934676161063,-0.5186732548297794,0.15547980454095248,0.0
-0.10750113427639008,-2.1709389686584473,-0.4012485444545746,0.41363024711608887,-0.28991419076919556,0.019374705851078033,3.22778127512822e-16,-16.486214682310226,-5.433894024091495,-0.5006706562467643,0.15008326542340145,0.0
-0.1297639161348343,-1.8210604190826416,-0.447346031665802,0.4075210392475128,-0.2670084238052368,-0.013235839083790779,-5.289879906641074e-16,-15.891556670734193,-5.2378979016981795,-0.48261799101534875,0.14467171810437704,0.0
-0.08320040255784988,-2.126441717147827,-0.39548447728157043,0.4525163769721985,-0.2984878420829773,0.01345239020884037,3.957000374683707e-16,-15.295309516734001,-5.041377993879594,-0.46451706438701174,0.13924570373410153,0.0
-0.15334296226501465,-1.868053913116455,-0.35196518898010254,0.4720131456851959,-0.2788165807723999,0.01654275506734848,8.763925117295235e-16,-14.69753284452819,-4.844353952462756,-0.44636968643933245,0.13380576490949034,0.0
-0.13230690360069275,-1.8042235374450684,-0.2156478762626648,0.5088056325912476,-0.2944941818714142,-0.0029011298902332783,9.130857718234131e-16,-14.098286431285825,-4.64684547968762,-0.4281776718949826,0.12835244561989262,0.0
-0.07942303270101547,-1.8573530912399292,-0.2055852860212326,0.5384774804115295,-0.29706138372421265,0.003172169905155897,5.057761484546078e-16,-13.497630201148864,-4.448872326236873,-0.40994283994025693,0.12288629119269293,0.0
-0.14859949052333832,-1.5862586498260498,-0.19297122955322266,0.5469364523887634,-0.30602577328681946,0.010251807980239391,5.426383833952336e-16,-12.895624219239782,-4.250454289260884,-0.391667014043155,0.11740784823877887,0.0
-0.1470111906528473,-1.704838752746582,-0.11783545464277267,0.5688440799713135,-0.2906009256839752,0.01772167719900608,5.795795806024535e-16,-12.292328685655084,-4.051611210398001,-0.3733520217710368,0.11191766459788048,0.0
-0.10340961068868637,-1.4791743755340576,-0.05253436416387558,0.5926616191864014,-0.30993571877479553,0.022343114018440247,-2.715823737127958e-16,-11.687803929445401,-3.8523629737904113,-0.3549996946078673,0.10641628928378667,0.0
-0.05896560847759247,-1.4628347158432007,0.01058017648756504,0.645727276802063,-0.33830150961875916,0.003965067211538553,-2.344943417659542e-16,-11.082110402582575,-3.6527295040957335,-0.33661186777106905,0.1009042724294445,0.0
-0.08621746301651001,-1.5314384698867798,-0.010844359174370766,0.6533217430114746,-0.31802135705947876,0.03673556447029114,-1.9733845202943545e-16,-10.475308673914553,-3.4527307644945777,-0.31819038002800265,0.09538216523194597,0.0
-0.08162467181682587,-1.2100040912628174,0.053749747574329376,0.7017159461975098,-0.27947402000427246,0.031131817027926445,2.839707897888117e-16,-9.867459423108548,-3.2523867546942427,-0.29973707351209156,0.08985051989740923,0.0
-0.10973523557186127,-1.3687015771865845,0.08859357237815857,0.7359651327133179,-0.3134981393814087,0.0050724265165627,-5.669271776836416e-16,-9.258623434583072,-3.0517175089287463,-0.2812537935386089,0.08430988958575779,0.0
-0.1528981328010559,-1.2213200330734253,0.11337800323963165,0.773688554763794,-0.30943039059638977,0.008655117824673653,-3.075454282856078e-16,-8.648861591429633,-2.8507430939554474,-0.2627423884201499,0.07876082835540581,0.0
-0.14071914553642273,-1.2135319709777832,0.14478622376918793,0.7849910259246826,-0.31095317006111145,0.011598696000874043,6.180230944495173e-16,-8.038234869324413,-2.6494836070483645,-0.2442047092818001,0.0732038911078521,0.0
-0.1531197726726532,-1.245640516281128,0.0340217724442482,0.8286052942276001,-0.31760650873184204,0.006821635644882917,-2.327160026327555e-16,-7.426804330430764,-2.4479591739884716,-0.22564260987602527,0.06763963353219062,0.0
-0.14978526532649994,-0.9019091129302979,0.2194593846797943,0.8537578582763672,-0.33432263135910034,0.013728044927120209,4.709026104419806e-16,-6.814631117293057,-2.24618994705114,-0.20705794639729788,0.06206861204954212,0.0
-0.15491166710853577,-1.0911686420440674,0.2817291021347046,0.8726691007614136,-0.32076236605644226,0.005395539104938507,2.863845310497886e-16,-6.2017764467224605,-2.0441961029909215,-0.18845257729647835,0.056491383757412326,0.0
-0.16498465836048126,-0.9217135906219482,0.3323203921318054,0.8943358659744263,-0.3416616916656494,0.027086615562438965,3.239490311945437e-16,-5.588301603675323,-1.8419978410238946,-0.16982836309497248,0.05090850637398279,0.0
-0.13370177149772644,-0.7622088193893433,0.40285179018974304,0.8803364634513855,-0.3411844074726105,0.013026437722146511,1.395031446074726e-16,-4.974267935124718,-1.6396153808077587,-0.15118716619868022,0.04532053818233946,0.0
-0.16265642642974854,-0.9183716177940369,0.43945372104644775,0.9198416471481323,-0.3392312824726105,-0.001573628862388432,1.771323212981362e-16,-4.359736843925811,-1.4370689604198832,-0.13253085071175708,0.039728037974644886,0.0
-0.11265860497951508,-0.5473959445953369,0.6262212991714478,0.9349623918533325,-0.3462117314338684,0.002213869709521532,-7.256411469839657e-18,-3.7447697826756134,-1.2343788343335198,-0.11386128225020474,0.03413156499625943,0.0
-0.17752471566200256,-0.7049055099487305,0.5573574304580688,0.9623085856437683,-0.3680448532104492,0.014711865223944187,1.414446930602873e-16,-3.12942824756778,-1.0315652713923686,-0.09518032775531146,0.028531678889817245,0.0
-0.09592025727033615,-0.5826988816261292,0.7085157036781311,0.9690130949020386,-0.3489760458469391,0.007500894367694855,6.812035472713118e-17,-2.5137737722430367,-0.8286485527837126,-0.07648985530695931,0.022928939639262385,0.0
-0.10648326575756073,-0.47760725021362305,0.8642222881317139,0.9831954836845398,-0.3544597625732422,0.01040094904601574,-6.069974254053278e-17,-1.8978679216358736,-0.6256489700103166,-0.05779173393681781,0.017323907513850982,0.0
-0.18261829018592834,-0.5840437412261963,0.9750248193740845,0.976628303527832,-0.38745275139808655,0.014351106248795986,3.253638610936956e-17,-1.2817722858180995,-0.4225868228612921,-0.03908783344144225,0.011717143012124743,0.0
-0.14863520860671997,-0.3070662021636963,0.8599317669868469,1.0045690536499023,-0.36194920539855957,-0.004016044549643993,1.47580608229869e-17,-0.6655484738398828,-0.21948241738213592,-0.020380024195295627,0.006109206805861541,0.0
-0.1886342316865921,-0.47018319368362427,1.0559370517730713,1.0164248943328857,-0.32993364334106445,0.012473716400563717,4.532577636378808e-19,-0.0492581075689043,-0.01635606384414294,-0.0016701769637127739,0.0005006596840087429,0.0
-0.20829616487026215,-0.4226456880569458,1.245810866355896,1.020650863647461,-0.36929696798324585,0.0016277693212032318,6.965438032415901e-18,0.567037184471783,0.1867719252866045,0.017039837284174644,-0.005107937503395242,0.0
-0.18433359265327454,-0.19435635209083557,1.2116899490356445,1.0609499216079712,-0.33979177474975586,0.01374257542192936,-3.856755805054101e-17,1.1832757732665526,0.389881237380466,0.03574814756253345,-0.010716023901305488,0.0
-0.18162637948989868,-0.31696128845214844,1.1081033945083618,1.0538740158081055,-0.347731351852417,0.006399176549166441,-1.1186337516318928e-16,1.799396035470055,0.5929515616754893,0.05445288305592604,-0.01632303870575559,0.0
-0.1679021120071411,0.048096705228090286,1.1348536014556885,1.077813744544983,-0.37055182456970215,0.0077955094166100025,-1.8517021030699634e-16,2.4153363595695025,0.7959625913084699,0.07315217330639028,-0.02192842121993761,0.0
-0.18748989701271057,-0.08468786627054214,1.1276267766952515,1.0728769302368164,-0.3863254189491272,0.008955887518823147,-1.4746953253474902e-16,3.0310351520457663,0.9988940253456196,0.09184414840048384,-0.027531610910271263,0.0
-0.19660735130310059,-0.047424137592315674,-0.3039216995239258,1.0728477239608765,-0.3565545082092285,-0.002174146706238389,-1.0978741434532298e-16,3.6464308435326798,1.2017255708126433,0.11052693915627387,-0.0331320474624568,0.0
-0.20822101831436157,0.2595290541648865,-0.24640119075775146,1.0663182735443115,-0.3653486371040344,-0.0058566429652273655,-1.8314992638165116e-16,4.261461894973922,1.4044369447240206,0.12919867731025372,-0.03872917083750606,0.0
-0.19540353119373322,0.056678447872400284,-0.22057834267616272,1.0883302688598633,-0.35374438762664795,-0.00689212791621685,-1.4551622966636191e-16,4.876066803776874,1.607007876111286,0.14785749570416779,-0.04432242132774577,0.0
-0.2454315721988678,0.3622816503047943,-0.17142033576965332,1.0690481662750244,-0.34682801365852356,0.02962861955165863,-1.0791239000028106e-16,5.490184109962823,1.8094181080501088,0.16650152847172564,-0.04991123961278792,0.0
-0.2389523684978485,0.2694074511528015,-0.011682293377816677,1.1167793273925781,-0.3789336681365967,0.0191036444157362,-5.144313775861023e-16,6.1037524023129,2.011647399685965,0.18512891122518665,-0.05549506681546123,0.0
-0.22338351607322693,0.3304682672023773,-0.0576183944940567,1.0779974460601807,-0.3695667088031769,0.002540495013818145,-3.2809319864553627e-17,6.716710324509205,2.2136755282582254,0.2037377812417992,-0.06107334455769886,0.0
-0.2936188578605652,0.5076280832290649,0.07975669205188751,1.0787934064865112,-0.3906188905239105,0.0058584436774253845,4.682400360665698e-18,7.328996581270299,2.4154822911223834,0.2223262776500685,-0.06664551501637501,0.0
-0.1886751353740692,0.31212636828422546,0.04744146764278412,1.0699043273925781,-0.36948156356811523,-0.005933479871600866,-1.7991536112619244e-16,7.940549944480738,2.617047507770323,0.24089254161584392,-0.07221102097908724,0.0
-0.251880407333374,0.5974064469337463,0.13399553298950195,1.0933504104614258,-0.36867406964302063,0.021511951461434364,-1.425171391282034e-16,8.551309259313834,2.818351021848352,0.259434716528201,-0.07776930589987724,0.0
-0.2598363757133484,0.538896918296814,0.09366052597761154,1.092757225036621,-0.3658342957496643,0.022759154438972473,1.168733265635983e-16,9.16121345034707,3.0193727031728144,0.27795094818510013,-0.08331981395488479,0.0
-0.1926971971988678,0.4406362771987915,0.22221268713474274,1.095536231994629,-0.36737996339797974,-0.0050565460696816444,-2.899261183058681e-16,9.770201527669586,3.2200924497430945,0.2964393849788057,-0.08886199009792976,0.0
-0.24756845831871033,0.7916561365127563,0.23361606895923615,1.104135274887085,-0.3922356963157654,0.010754689574241638,6.354822416432555e-16,10.378212592981143,3.4204901897518027,0.3148981780810455,-0.09439528011601643,0.0
-0.2844185531139374,0.5558025240898132,0.3207857310771942,1.102036952972412,-0.41140687465667725,0.007449725642800331,2.285594243475938e-16,10.985185845681883,3.6205458835919337,0.3333254816278914,-0.0999191306847539,0.0
-0.3251037001609802,0.8625132441520691,0.3775973916053772,1.0883190631866455,-0.4115000069141388,-0.0007113974425010383,-1.0666090769510739e-15,11.591060588952349,3.820239525860818,0.3517194529043448,-0.10543298942368858,0.0
-0.24020375311374664,0.8432406187057495,0.35712599754333496,1.1015477180480957,-0.3964040279388428,-0.0046020383015275,-5.854917130342818e-16,12.195776235823104,4.019551147360637,0.3700782525286063,-0.1109363049515414,0.0
-0.2938796281814575,0.8129640817642212,0.38336697220802307,1.1065425872802734,-0.3958704471588135,0.006605117581784725,-9.926274457869556e-16,12.799272315233386,4.218460817095336,0.3884000446360125,-0.11642852694134569,0.0
-0.2479005753993988,1.0255500078201294,0.5327679514884949,1.083590030670166,-0.4177166819572449,0.017522763460874557,-5.116631311257595e-16,13.401488478078171,4.416948644263697,0.40668299706262073,-0.1219091061754793,0.0
-0.264451801776886,0.9113205671310425,0.5225276350975037,1.091251015663147,-0.39046651124954224,0.015048068016767502,4.1330833361949165e-16,14.002364503243022,4.614994780248411,0.4249252815284241,-0.12737749460058598,0.0
-0.2595488727092743,1.1143065690994263,0.5791434645652771,1.1064388751983643,-0.39063525199890137,0.005277899093925953,4.500156396247658e-16,14.60184030362614,4.812579420600915,0.4431250738201778,-0.13283314538238009,0.0
-0.27861344814300537,1.0655694007873535,0.5914300680160522,1.0698204040527344,-0.42173850536346436,0.017201997339725494,9.307227457402406e-16,15.199855932147067,5.009682807021831,0.46128055397381934,-0.13827551296032997,0.0
-0.20270183682441711,1.0465967655181885,0.683881402015686,1.0974148511886597,-0.4109553098678589,0.009877938777208328,7.906915080655276e-17,15.796351587741274,5.206285229336764,0.47938990645646246,-0.14370405310221296,0.0
-0.31568145751953125,1.2900183200836182,0.751364529132843,1.10183846950531,-0.4224102199077606,0.007178575731813908,-7.726811680781488e-16,16.391267621340287,5.40236702746732,0.4974513203479502,-0.14911822295853872,0.0
-0.3535239100456238,1.1476153135299683,0.7921576499938965,1.097111701965332,-0.43681085109710693,-0.0033706475514918566,1.5182498570666166e-16,16.984544541836517,5.597908593397087,0.5154629895219445,-0.1545174811168334,0.0
-0.2592596411705017,1.297140121459961,0.8490110635757446,1.0969820022583008,-0.45372408628463745,0.004677238874137402,-7.001296993826525e-16,17.5761230220323,5.792890373132424,0.5334231128265379,-0.15990128765578057,0.0
-0.26754069328308105,1.3673899173736572,0.8530968427658081,1.1038968563079834,-0.49012547731399536,0.004239986650645733,-6.640135865889904e-16,18.165943904572597,5.987292868657837,0.5513298942643661,-0.16526910419921273,0.0
-0.24339348077774048,1.2167834043502808,1.0091257095336914,1.1095860004425049,-0.44670939445495605,0.011989987455308437,-6.280087071936594e-16,18.753948207860677,6.181096639885783,0.5691815431722079,-0.1706203939699488,0.0
-0.2172214388847351,1.5984272956848145,0.9908095002174377,1.0784478187561035,-0.434760719537735,0.006480231415480375,2.9605975804552943e-16,19.340077131956207,6.374282306600632,0.5869762744000492,-0.17595462184347102,0.0
-0.2865573763847351,1.5252182483673096,1.042885661125183,1.0927941799163818,-0.4213457703590393,0.0020616583060473204,-5.563470389464447e-16,19.924272064455224,6.566830550396709,0.6047123084895956,-0.18127125440143735,0.0
-0.242012158036232,1.5960906744003296,1.0744993686676025,1.0954469442367554,-0.4684712886810303,-0.011371470987796783,3.674810034984577e-16,20.506474586351295,6.758722116610086,0.6223878718522182,-0.18656975998502232,0.0
-0.2818315029144287,1.7799745798110962,1.201996922492981,1.0765843391418457,-0.4661717414855957,-0.0027366874273866415,-4.851733583528317e-16,21.08662647787739,6.949937816244047,0.6400011969463101,-0.19184960874808296,0.0
-0.30036458373069763,1.7237367630004883,1.251654028892517,1.0951356887817383,-0.48301804065704346,-0.0010389449307695031,-4.497784177761172e-16,21.664669724327844,7.140458527887983,0.6575505224540404,-0.19711027271014311,0.0
-0.3639812469482422,1.841742992401123,1.2543838024139404,1.1321032047271729,-0.459506630897522,0.016908206045627594,4.736622857640381e-16,22.240546521859688,7.330265199629492,0.6750340934574821,-0.2023512258091902,0.0
-0.3995242714881897,1.7375560998916626,1.3433575630187988,1.0924291610717773,-0.4834088683128357,0.019684165716171265,5.087883866683858e-16,22.814199283273084,7.519338850959575,0.6924501616141047,-0.20757194395428183,0.0
-0.3153029978275299,1.930606484413147,1.4609909057617188,1.1131227016448975,-0.49039050936698914,0.0016132632736116648,5.437747920562313e-16,23.385570643769913,7.707660574670653,0.7097969853316056,-0.21277190507795413,0.0
-0.29740118980407715,1.9048857688903809,1.537405014038086,1.1351685523986816,-0.49059826135635376,0.01755695231258869,-1.1977388360840586e-15,23.95460346669028,7.895211538747297,0.7270728299420689,-0.2179505891884279,0.0
-0.3412322700023651,1.8616646528244019,1.4778833389282227,1.1105735301971436,-0.505812406539917,-0.006907422095537186,6.133145361561771e-16,24.521240849226082,8.081972988249385,0.7442759678754302,-0.22310747842160775,0.0
-0.3403511643409729,2.164729595184326,1.7292184829711914,1.1044567823410034,-0.5089133977890015,0.009387960657477379,-2.016674338148559e-15,25.08542612811126,8.267926247187603,0.7614046788322316,-0.22824205709286774,0.0
-0.28824764490127563,1.9325203895568848,1.7328991889953613,1.1425443887710571,-0.49482080340385437,0.02001113072037697,6.822537030934195e-16,25.64710288528808,8.45305272039102,0.7784572499556518,-0.23335381174861947,0.0
-0.35270464420318604,2.234772205352783,1.7775719165802002,1.1175646781921387,-0.5379785299301147,-0.003711660858243704,-1.0598673960688183e-15,26.206214953548887,8.637333895366584,0.7954319760027886,-0.23844223121765734,0.0
-0.30650395154953003,2.2573294639587402,2.0214710235595703,1.0926448106765747,-0.5221096277236938,0.010992910712957382,1.638743137820485e-15,26.762706422152768,8.82075134415036,0.8123271595151823,-0.24350680666227437,0.0
-0.34907132387161255,2.0690455436706543,2.2335078716278076,1.1352441310882568,-0.536048948764801,0.02083216980099678,-9.918807194391289e-16,27.31652164241664,9.003286725150334,0.8291411109885628,-0.24854703162914715,0.0
-0.29942673444747925,2.4394619464874268,1.9485130310058594,1.1289613246917725,-0.5118154287338257,0.011239894665777683,-6.995816195833555e-17,27.86760523327993,9.184921784980496,0.8458721490417919,-0.2535624020999786,0.0
-0.2790575325489044,2.456428289413452,2.1768574714660645,1.128751516342163,-0.5458111763000488,-0.001884537748992443,-1.812741502023668e-15,28.41590208684282,9.365638360286235,0.862518600585008,-0.2585524165419013,0.0
-0.3099645972251892,2.333338975906372,2.1733367443084717,1.1295170783996582,-0.5624592900276184,0.00827428326010704,-2.9851590562042087e-18,28.961357373876886,9.545418379560626,0.8790788009869293,-0.2635165759576297,0.0
-0.3249819874763489,2.4851889610290527,2.2134289741516113,1.123262882232666,-0.5646982192993164,0.006747451610863209,-8.579414108793464e-16,29.503916549307935,9.724243864951543,0.8955510942413144,-0.26845438393535853,0.0
-0.32321417331695557,2.366321563720703,2.1852855682373047,1.1401758193969727,-0.5595045685768127,0.007291524205356836,9.514569385185555e-16,30.043525357670582,9.90209693405948,0.9119338331325663,-0.27336534669840523,0.0
-0.4377380609512329,2.6159825325012207,2.2699408531188965,1.1713515520095825,-0.5665789246559143,0.015365094877779484,9.61360668132835e-17,30.58012983853363,10.078959801725727,0.9282253794004465,-0.27824897315458563,0.0
-0.37665700912475586,2.6923155784606934,0.563068151473999,1.1755543947219849,-0.5420894622802734,0.00042086048051714897,1.2880636707792242e-16,31.11367633189621,10.254814781810914,0.9444241039039061,-0.2831047749453242,0.0
-0.37253665924072266,2.6429355144500732,0.6737812757492065,1.1549654006958008,-0.6084351539611816,0.005723851267248392,-1.6150706867907086e-15,31.64411148355354,10.429644288963559,0.9605283867839918,-0.2879322664944878,0.0
-0.41969603300094604,2.7102928161621094,0.6876362562179565,1.1464991569519043,-0.5907669067382812,0.032091762870550156,-6.946062442434654e-16,32.17138225043256,10.603430840378659,0.9765366176258375,-0.2927309650569449,0.0
-0.3821712136268616,2.458740711212158,0.7951631546020508,1.1452432870864868,-0.6239230632781982,0.006145256571471691,1.1138396267440177e-15,32.6954359058959,10.776157057545879,0.992447195619698,-0.2975003907668378,0.0
-0.29745426774024963,2.842050552368164,0.8846162557601929,1.1450517177581787,-0.6074010133743286,0.003501158207654953,1.1457284581949498e-15,33.21622004501478,10.94780566798745,1.0082585297210334,-0.3022400666855704,0.0
-0.3634833097457886,2.9419572353363037,0.8280777931213379,1.1887292861938477,-0.6146084070205688,0.0115798469632864,2.892354809528824e-16,33.73368258980922,11.118359506985351,1.0239690388096088,-0.30694951884950006,0.0
-0.33917325735092163,2.7425270080566406,0.9053387641906738,1.150807499885559,-0.6395158767700195,0.0037397905252873898,3.20714365900228e-16,34.24777179445602,11.287801519297837,1.039577151847609,-0.3116282763173355,0.0
-0.3376156687736511,3.0990214347839355,0.8986943960189819,1.1754308938980103,-0.6258872747421265,0.020868273451924324,-5.361948742255292e-16,34.75843625046307,11.456114760864853,1.0550813080367345,-0.3162758712172283,0.0
-0.3720809519290924,2.898439407348633,0.998422384262085,1.1768243312835693,-0.6391152739524841,0.010575960390269756,1.2712183124842138e-15,35.26562489181036,11.623282400502521,1.070479956974289,-0.320891838793562,0.0
-0.34241586923599243,3.061058521270752,0.9908870458602905,1.1643214225769043,-0.62079256772995,0.011247055605053902,4.138803022198521e-16,35.76928700005636,11.789287721586167,1.0857715588082086,-0.32547571745342496,0.0
-0.3331807255744934,3.2389864921569824,1.026686191558838,1.17106294631958,-0.6415765285491943,0.014135816134512424,1.3326801094667724e-15,36.26937220941002,11.954114123722034,1.100954584391055,-0.33002704881277173,0.0
-0.3254694938659668,3.0136353969573975,1.0870742797851562,1.1775736808776855,-0.6482737064361572,0.0004041963256895542,4.749009933112335e-16,36.765830511767106,12.117745124407254,1.1160275154329207,-0.3345453777422586,0.0
-0.45956674218177795,3.1171436309814453,1.1645362377166748,1.1950713396072388,-0.6607383489608765,0.010226806625723839,-3.8310324675153396e-16,37.25861226171111,12.280164360678123,1.1309888446532637,-0.33903025241275836,0.0
-0.4352470934391022,3.21583890914917,1.113612413406372,1.2048907279968262,-0.6354774236679077,0.008198286406695843,-3.531572084142248e-16,37.74766818147767,12.441355590746356,1.145837075931628,-0.3434812243405409,0.0
-0.3995203971862793,3.2729532718658447,1.2035651206970215,1.1977605819702148,-0.6288092732429504,0.00880469474941492,-1.211620725655965e-15,38.2329493658824,12.60130269562329,1.160570724457261,-0.34789784843212307,0.0
-0.5315369367599487,3.1728973388671875,1.253419280052185,1.1805564165115356,-0.6816892027854919,0.004367855377495289,-2.939615108418683e-16,38.71440728721119,12.759989680731696,1.1751883168775867,-0.3522796830287757,0.0
-0.5250958800315857,3.269115447998047,1.2702324390411377,1.1759910583496094,-0.6443849802017212,0.026570767164230347,-2.647177711272492e-16,39.19199380007318,12.917400677505327,1.1896883914455456,-0.35662628995069107,0.0
-0.46859580278396606,3.468020439147949,1.3416787385940552,1.1994386911392212,-0.6690741181373596,0.013172696344554424,6.524644085385377e-16,39.66566114621502,13.073519944975665,1.204069498165763,-0.3609372345407988,0.0
-0.515691339969635,3.2554826736450195,1.3345258235931396,1.199869155883789,-0.674984872341156,0.016102870926260948,-2.0695313129670724e-16,40.13536195929688,13.228331871346073,1.2183301989395523,-0.36521208570823255,0.0
-0.3960798382759094,3.585049629211426,1.4193474054336548,1.1944411993026733,-0.6839606761932373,0.006872254423797131,7.097404121034947e-16,40.60104926962881,13.38182097555292,1.232469067708719,-0.3694504159714378,0.0
-0.4186767041683197,3.6229519844055176,1.4476933479309082,1.1961021423339844,-0.6727844476699829,0.016121679916977882,1.6261853478502887e-15,41.062676508867895,13.533971908813694,1.2464846905981695,-0.3736518015009203,0.0
-0.49256467819213867,3.487112045288086,1.4420855045318604,1.2342958450317383,-0.6992316246032715,0.004914483986794949,-1.2215640978475363e-16,41.52019751467485,13.684769456161852,1.2603756660572931,-0.37781582216162807,0.0
-0.42536771297454834,3.7370476722717285,1.5359938144683838,1.2219233512878418,-0.7024881839752197,-0.01847761496901512,7.937828559142909e-16,41.97356653533039,13.834198537968334,1.2741406050001207,-0.3819420615549651,0.0
-0.38010770082473755,3.7903919219970703,1.5659708976745605,1.219490885734558,-0.6944587826728821,0.012903695926070213,8.212866900854551e-16,42.42273823431027,13.982244211449485,1.2877781309442293,-0.38603010706043084,0.0
-0.48362016677856445,3.846292734146118,1.5865633487701416,1.2156864404678345,-0.7134909629821777,-0.0009467583149671555,-3.964765763175968e-17,42.86766769481886,14.128891672161313,1.3012868801483874,-0.390079549876881,0.0
-0.6440668106079102,3.8782975673675537,1.5838885307312012,1.2413203716278076,-0.7028235793113708,0.01472529862076044,-1.2666072221595785e-17,43.30831042428093,14.274126255479969,1.314665501748934,-0.39408998506340887,0.0
-0.4519276022911072,3.6894912719726562,1.6529159545898438,1.2363600730895996,-0.7086098194122314,0.006390569731593132,-8.741280912203629e-16,43.74462235879069,14.41793343806814,1.3279126578948555,-0.39806101157983736,0.0
-0.48526275157928467,3.953718900680542,1.731985092163086,1.2569552659988403,-0.6928502917289734,-0.0019341972656548023,-8.476795468456139e-16,44.17655986751833,14.560298839327412,1.3410270238815785,-0.4019922323268246,0.0
-0.5366502404212952,3.8777012825012207,1.7511390447616577,1.2501826286315918,-0.7407381534576416,0.021941188722848892,9.548553357703763e-16,44.60407975707287,14.701208222836286,1.354007288283431,-0.4058832541855713,0.0
-0.3968135416507721,4.037374019622803,1.7824023962020874,1.2678707838058472,-0.7446818947792053,0.02242579683661461,9.25818403444771e-17,45.02713927582165,14.840647497773848,1.3668521530847921,-0.40973368805713456,0.0
-0.4321513772010803,4.020710468292236,1.7932891845703125,1.2388231754302979,-0.6938248872756958,0.008519518189132214,1.0063894749064733e-15,45.44569611816534,14.978602720328794,1.3795603338098839,-0.41354314890133553,0.0
-0.5797297358512878,3.984553813934326,1.8794225454330444,1.2593553066253662,-0.7267953157424927,-0.011280331760644913,1.4356199775573721e-16,45.85970842876851,15.115060095093842,1.3921305596512248,-0.41731125577526473,0.0
-0.4963757395744324,4.138446807861328,1.8727490901947021,1.2773534059524536,-0.6940644979476929,0.03421054780483246,1.6863213291951204e-16,46.269134806745086,15.250005976445214,1.4045615735967047,-0.4210376318713745,0.0
-0.3601386249065399,4.088029384613037,1.8647303581237793,1.2732044458389282,-0.6987870931625366,0.011121409013867378,-6.947594659950735e-16,46.67393430979849,15.383426869907243,1.4168521325552899,-0.42472190455516073,0.0
-0.4219229519367218,4.080633640289307,1.968787670135498,1.2389737367630005,-0.6770032644271851,0.01188692357391119,-6.702584382491957e-16,47.0740664583157,15.515309433501754,1.4290010074813246,-0.4283637054024249,0.0
-0.3811585605144501,4.222233295440674,2.0065579414367676,1.2707487344741821,-0.7668547034263611,0.01980523020029068,2.4213276607479157e-16,47.46949123941536,15.645640479082303,1.4410069834974426,-0.43196267023611773,0.0
-0.5141670107841492,4.308709144592285,1.965057611465454,1.2773475646972656,-0.7574355602264404,0.017913084477186203,1.154233306018475e-15,47.86016911094883,15.774406973652926,1.452868860016045,-0.4355184391627544,0.0
-0.575047492980957,4.234930515289307,2.107456684112549,1.2883892059326172,-0.7442953586578369,0.0059069981798529625,-1.4866728894107312e-15,48.24606100545459,15.901596040671492,1.4645854508593672,-0.4390306566084059,0.0
-0.5111687183380127,4.317020416259766,2.141599178314209,1.2882097959518433,-0.750314474105835,0.009708945639431477,1.2011960139017441e-15,48.62712833406469,16.027194961337266,1.4761555843780858,-0.4424989713542539,0.0
-0.3665705621242523,4.18259334564209,2.0891454219818115,1.2672368288040161,-0.7615708112716675,0.019531410187482834,-5.521249340904508e-16,49.003332990363866,16.151191175862863,1.4875781035684932,-0.44592303657171467,0.0
-0.5298237800598145,4.43082857131958,2.1594910621643066,1.2659180164337158,-0.7530632019042969,0.027813086286187172,-5.293890990563838e-16,49.374637354199976,16.27357228473015,1.4988518661881869,-0.44930250985711934,0.0
-0.5940903425216675,4.40747594833374,2.2134392261505127,1.2743127346038818,-0.7233068943023682,-0.0017562925349920988,1.269401245439387e-15,49.74100429544605,16.39432604993023,1.5099757448703017,-0.45263705326595594,0.0
-0.3848273456096649,4.41868257522583,2.187519073486328,1.319825291633606,-0.7420340180397034,0.023601973429322243,4.0335175756442214e-16,50.102397177713286,16.513440396187214,1.5209486272362385,-0.4559263333466622,0.0
-0.46879398822784424,4.36680793762207,2.320070266723633,1.2809972763061523,-0.7780245542526245,-0.0023445505648851395,4.2517390324448063e-16,50.458779862014616,16.63090341216573,1.531769416006904,-0.4591700211739711,0.0
-0.49764013290405273,4.5157623291015625,2.280731201171875,1.287704586982727,-0.7479836940765381,0.021591482684016228,-1.3296697588171972e-15,50.81011671037859,16.746703351662074,1.5424370291124396,-0.4623677923818031,0.0
-0.4447892904281616,4.718808650970459,2.3442389965057373,1.297558069229126,-0.7929015159606934,0.011287220753729343,4.678891382803341e-16,51.15637258941314,16.860828634778787,1.5529503998004237,-0.465519327195702,0.0
-0.519808292388916,4.5589518547058105,2.392759323120117,1.288633108139038,-0.772614598274231,0.012479357421398163,-3.994004635519031e-16,51.49751287381892,16.973267849082667,1.5633084767425487,-0.4686243104648129,0.0
-0.6623361110687256,4.605381488800049,2.3623437881469727,1.3057440519332886,-0.7748977541923523,0.021692436188459396,-3.7882697437778915e-16,51.83350344985175,17.084009750745974,1.5735102241397516,-0.4716824316933961,0.0
-0.5168945789337158,4.688901424407959,2.5387797355651855,1.3108158111572266,-0.7975503206253052,0.012079007923603058,-1.2467492909293434e-15,52.16431071873408,17.193043265670845,1.583554621825796,-0.4746933850718777,0.0
-0.4498581290245056,4.7334089279174805,2.442499876022339,1.3197360038757324,-0.8029590845108032,0.011722279712557793,-3.3863417969962995e-16,52.489901600014605,17.300357490596628,1.5934406653692808,-0.4776568695074282,0.0
-0.45778220891952515,4.698824405670166,2.522477149963379,1.297086477279663,-0.7942085266113281,0.013046951964497566,5.691595262585661e-16,52.810243534876605,17.40594169419028,1.6031673661740928,-0.4805725886540744,0.0
-0.49339744448661804,4.816906929016113,2.610065460205078,1.3199080228805542,-0.8096307516098022,0.009804727509617805,-2.9972697396728917e-16,53.12530448939348,17.509785318119405,1.6127337515782547,-0.48344025094233073,0.0
-0.42538174986839294,4.66094446182251,2.642634868621826,1.2759137153625488,-0.7891689538955688,0.015564561821520329,-2.807603504526884e-16,53.43505295773237,17.61187797810816,1.6221388649511996,-0.4862595696083585,0.0
-0.6821240782737732,4.750551700592041,2.6881251335144043,1.3087348937988281,-0.7919055223464966,0.012175637297332287,1.5142359198559464e-15,53.73945796530454,17.712209464975622,1.6313817657894274,-0.48903026272264033,0.0
-0.5453348755836487,4.729883670806885,2.7944931983947754,1.296565294265747,-0.8117998838424683,0.0060561103746294975,6.443678745304328e-16,54.038489071862934,17.81076974565672,1.640461529810557,-0.49175205321817395,0.0
-0.5210412740707397,4.933526515960693,2.713184356689453,1.3287376165390015,-0.7942572832107544,0.011478159576654434,6.623473613490897e-16,54.33211637454604,17.9075489642055,1.6493772490457512,-0.4944246689181775,0.0
-0.5189855098724365,4.720395088195801,2.755772829055786,1.3190721273422241,-0.7842535972595215,0.03063087724149227,-2.0818425702203015e-16,54.620310510868315,18.00253744278077,1.6581280319305178,-0.4970478425633086,0.0
-0.4535921812057495,4.860743522644043,2.7565736770629883,1.318296194076538,-0.7999019622802734,0.015792105346918106,-1.908719058481047e-16,54.903042661656265,18.09572568261382,1.6667130033938597,-0.4996213118383884,0.0
-0.4788627624511719,4.90342903137207,2.8437721729278564,1.364206314086914,-0.8031387329101562,0.004132451489567757,-1.7389573604994813e-16,55.18028455393045,18.18710436495834,1.6751313049457857,-0.5021448193986341,0.0
-0.6976102590560913,4.873874664306641,2.9967269897460938,1.3482028245925903,-0.7770506143569946,0.0331980362534523,1.6190993941698552e-15,55.45200846373264,18.276664352022223,1.6833820947631544,-0.5046181128953925,0.0
-0.5571424961090088,5.195756912231445,2.89028263092041,1.3672726154327393,-0.8020000457763672,0.00891030952334404,-1.409586972046608e-16,55.71818721889833,18.364396687881417,1.6914645477738615,-0.5070409450013752,0.0
-0.4042181074619293,4.989327430725098,2.8173582553863525,1.3479866981506348,-0.7946134805679321,0.011684228666126728,-1.0131795415340924e-15,55.97879420177378,18.450292599375434,1.6993778557393397,-0.5094130734353904,0.0
-0.6330592632293701,5.05271053314209,3.034270763397217,1.330285906791687,-0.8039430975914001,0.011694617569446564,-1.0938631486255229e-16,56.2338033518779,18.534343496984704,1.7071212273353875,-0.5117342609865715,0.0
-0.6241817474365234,5.255237579345703,3.0730035305023193,1.3507399559020996,-0.8043557405471802,0.022648021578788757,-9.411583775810109e-17,56.48318916850818,18.61654097568951,1.714693888231298,-0.5140042755380979,0.0
-0.5520809888839722,4.952442169189453,3.0598034858703613,1.3487614393234253,-0.8167353868484497,0.046143028885126114,8.089872021445261e-16,56.72692671329078,18.69687681581048,1.7220950811672926,-0.5162228900904058,0.0
-0.4954148530960083,5.2855544090271,3.017329692840576,1.341198444366455,-0.8486572504043579,0.003952247090637684,-6.461394670462918e-17,56.964991612674325,18.775342983830544,1.7293240660302445,-0.518389882783889,0.0
-0.5384563207626343,5.220232009887695,3.0049991607666016,1.3681215047836304,-0.8445109724998474,0.016127873212099075,-9.385639026202529e-16,57.197360060367295,18.851931633198305,1.7363801199276925,-0.5205050369210841,0.0
-0.5336458683013916,5.049228191375732,2.8839027881622314,1.363415241241455,-0.803072452545166,-0.008643596433103085,-3.650724903661977e-17,57.42400881971849,18.926635105112616,1.7432625372601251,-0.5225681409883394,0.0
-0.44438979029655457,5.283428192138672,3.053569793701172,1.367974042892456,-0.8472803235054016,-0.001821181271225214,-2.29806328659235e-17,57.64491522604093,18.999445929288573,1.749970629791547,-0.5245789886769683,0.0
-0.6389085054397583,5.232876777648926,3.1950697898864746,1.3746521472930908,-0.8433452844619751,0.014455895870923996,-9.806987058386796e-18,57.86005718887803,19.07035682470442,1.7565037267182932,-0.5265373789038771,0.0
-0.5196270942687988,5.370937824249268,3.127077579498291,1.3324108123779297,-0.8732841610908508,0.00971666257828474,3.0123710323873853e-18,58.069413194212785,19.139360700329703,1.7628611747361156,-0.528443115831675,0.0
-0.43719956278800964,5.2522687911987305,2.931270122528076,1.3548370599746704,-0.8461818695068359,0.011599751189351082,-8.727022602188511e-16,58.27296230661914,19.20645065583437,1.7690423381055105,-0.5302960088882578,0.0
-0.6720398664474487,5.092548847198486,3.0869829654693604,1.3382974863052368,-0.8426222801208496,0.016298377886414528,9.15761551619938e-16,58.47068417135546,19.27161998227877,1.7750465987152917,-0.5320958727858633,0.0
-0.5019317865371704,5.479855537414551,3.0474472045898438,1.3834495544433594,-0.8104088306427002,0.020593365654349327,3.9332077660852496e-17,58.66255901640008,19.33486216278458,1.7808733561444028,-0.5338425275396025,0.0
-0.47687533497810364,5.011929988861084,3.107177495956421,1.384878158569336,-0.8265007734298706,0.01743679866194725,1.8270786612198558e-15,58.84856765442834,19.39617087318644,1.786522027721955,-0.5355357984854545,0.0
-0.6821900606155396,5.357644081115723,1.556369662284851,1.347489595413208,-0.8631201982498169,0.019785866141319275,6.175122543115079e-17,59.02869148473148,19.455539982664405,1.791992048585499,-0.5371755162977367,0.0
-0.5131841897964478,5.562185287475586,1.5337790250778198,1.347210168838501,-0.86669921875,0.017612852156162262,5.165083954143781e-16,59.202912495076546,19.512963554356993,1.797282871737505,-0.5387615170060336,0.0
-0.48535382747650146,5.157516956329346,1.4867284297943115,1.3847689628601074,-0.8730834722518921,0.017280559986829758,5.268138452820419e-16,59.37121326350771,19.5684358459549,1.8023939681000691,-0.5402936420115965,0.0
-0.6251499652862549,5.326650142669678,1.4836342334747314,1.3891738653182983,-0.8563294410705566,0.02396208606660366,5.367557543478042e-16,59.533576960088375,19.621951310275186,1.8073248265678126,-0.5417717381032013,0.0
-0.6593636274337769,5.441808700561523,1.6215541362762451,1.3372230529785156,-0.8530029058456421,0.032696932554244995,5.463331284290424e-16,59.689987348584175,19.673504595816013,1.8120749540589987,-0.5431956574724709,0.0
-0.5106867551803589,5.293863296508789,1.5895111560821533,1.3497660160064697,-0.86396324634552,0.037624575197696686,5.555450097963313e-16,59.84042878808661,19.723090547291797,1.8166438755648364,-0.5445652577286547,0.0
-0.7169042825698853,5.306151390075684,1.6239427328109741,1.3595858812332153,-0.8482055068016052,0.028572488576173782,1.2030126741914824e-16,59.984886234577104,19.770704206148707,1.821031134196982,-0.5458804019128686,0.0
-0.6126973032951355,5.440652847290039,1.6331509351730347,1.3870296478271484,-0.8419623374938965,0.03137464448809624,5.72868646308301e-16,60.12334524243134,19.81634081106052,1.8252362912332285,-0.5471409585117898,0.0
-0.45611995458602905,5.419595718383789,1.646512746810913,1.378096103668213,-0.8309820890426636,0.03163168206810951,-3.0719975059635674e-16,60.25579196586399,19.859995798404803,1.8292589261613776,-0.5483468014708093,0.0
-0.5210421681404114,5.161142826080322,1.6042343378067017,1.403061866760254,-0.8179212808609009,0.017360158264636993,-7.435478948900995e-16,60.38221316031303,19.90166480271918,1.8330986367212874,-0.5494978102066358,0.0
-0.5411429405212402,5.44061279296875,1.7113029956817627,1.3844722509384155,-0.8670819997787476,0.02226383425295353,-2.9208735082296737e-16,60.50259618376438,19.941343657137956,1.8367550389451026,-0.550593869619355,0.0
-0.5296661853790283,5.498176574707031,1.586692452430725,1.3718464374542236,-0.8337543606758118,0.0359172448515892,-7.29175694922491e-16,60.61692899801602,19.979028393808743,1.8402277671956468,-0.5516348701039387,0.0
-0.6062060594558716,5.3120622634887695,1.641229271888733,1.3719580173492432,-0.8381938934326172,0.0249568410217762,-2.7845678786916046e-16,60.72520016988181,20.01471524428929,1.8435164742029901,-0.5526207075612065,0.0
-0.536830723285675,5.689807891845703,1.643666386604309,1.3625459671020508,-0.8590273261070251,0.026174653321504593,-2.721989221773596e-16,60.827398872334754,20.048400639924274,1.8466208310991714,-0.5535512834082339,0.0
-0.4961940050125122,5.615865707397461,1.676707148551941,1.385814905166626,-0.8634357452392578,0.014706086367368698,-2.66313513778379e-16,60.92351488558981,20.080081212202217,1.8495405274510885,-0.5544265045882116,0.0
-0.5091432332992554,5.554533004760742,1.732384204864502,1.3833506107330322,-0.8073832988739014,0.02756955288350582,-2.6080115120815587e-16,61.01353859812572,20.10975379309228,1.852275271291539,-0.5552462835797509,0.0
-0.74590003490448,5.716714859008789,1.7075399160385132,1.3682596683502197,-0.8482235670089722,0.014004727825522423,-3.36177807733199e-17,61.09746100764629,20.137415415361115,1.8548247891484182,-0.5560105384056362,0.0
-0.5485908389091492,5.5590691566467285,1.723253846168518,1.3617558479309082,-0.8393499851226807,0.015802543610334396,-2.885312619620491e-17,61.175273721980446,20.163063312869525,1.8571888260720637,-0.5567191926410212,0.0
-0.5571091175079346,5.574346542358398,1.7078874111175537,1.3407461643218994,-0.8635358810424805,-0.002414408605545759,-2.446305901326502e-17,61.246968959921645,20.186694920849156,1.8593671456607554,-0.5573721754210733,0.0
-0.6335783004760742,5.407467842102051,1.6917729377746582,1.380211353302002,-0.8519136905670166,0.032790955156087875,-4.645372280776232e-16,61.31253955200583,20.20830787615889,1.8613595300843484,-0.5579694214480588,0.0
-0.4872560203075409,5.3975510597229,1.7289981842041016,1.3506479263305664,-0.8536149263381958,0.03304493799805641,-2.388530102648559e-16,61.37197894122842,20.227900017521204,1.8631657801060602,-0.5585108709978722,0.0
-0.4609970152378082,5.75537109375,1.697648286819458,1.361008882522583,-0.8483974933624268,0.029166577383875847,2.0850002061671818e-16,61.42528118370002,20.245469385738296,1.8647857151023943,-0.5589964699260099,0.0
-0.6259348392486572,5.6525373458862305,1.7226837873458862,1.3702468872070312,-0.8613483905792236,0.04054092615842819,-2.3270148643744e-16,61.472440949240834,20.261014223887983,1.866219173081202,-0.5594261696729842,0.0
-0.4708838164806366,5.789012908935547,1.7611181735992432,1.3809587955474854,-0.8823307156562805,0.02824605070054531,2.138990192050459e-16,61.51345352191357,20.2745329774994,1.8674660106978782,-0.5597999272691779,0.0
-0.4899790287017822,5.631054878234863,1.6914913654327393,1.3583850860595703,-0.8995204567909241,0.02427896484732628,-6.010948058529002e-18,61.548314800495156,20.286024294708454,1.8685261032697011,-0.5601177053391431,0.0
-0.7520309686660767,5.41325569152832,1.7515804767608643,1.3985004425048828,-0.8494086265563965,0.024038473144173622,-4.2531819900272984e-18,61.57702129888679,20.29548702639301,1.8693993447882975,-0.5603794721053376,0.0
-0.5162112712860107,5.760601997375488,1.7326393127441406,1.4067388772964478,-0.8871454000473022,0.029402289539575577,-1.6940591698339478e-16,61.599570146462554,20.302920226287767,1.8700856479302417,-0.5605852013913027,0.0
-0.45113515853881836,5.396437644958496,1.727004051208496,1.391395092010498,-0.8561965227127075,0.025070665404200554,-1.8689300280317425e-18,61.61595908835647,20.308323151078945,1.8705849440657931,-0.5607348726242817,0.0
-0.730148196220398,5.406093120574951,1.7222328186035156,1.3511590957641602,-0.8501445055007935,0.025997892022132874,-1.2426825577476817e-18,61.626186485688,20.311695260478555,1.8708971832657537,-0.5608284708372757,0.0
-0.5768568515777588,5.607717514038086,1.6839196681976318,1.3756968975067139,-0.8559461832046509,0.01314202044159174,2.4756634489598165e-18,61.63025131572597,20.31303621727848,1.8710223343064631,-0.5608659866705415,0.0
-0.46850985288619995,5.295258045196533,1.744356393814087,1.380124568939209,-0.8590911626815796,0.01642724871635437,1.275553005434448e-17,61.62815317199073,20.312345887384147,1.870960384672922,-0.5608474163725271,0.0
